{
  "videos": [
    {
      "thumbnail": "https://i.ytimg.com/vi/t0Q2otsqC4I/hq720.jpg?sqp=-oaymwEcCNAFEJQDSFXyq4qpAw4IARUAAIhCGAFwAcABBg==&rs=AOn4CLCVANFKKXmrdehkf7aM9issiuph5A",
      " title": "Tom & Jerry | Tom & Jerry in Full Screen | Classic Cartoon Compilation | WB Kids",
      "channel": "WB Kids",
      "views": "406M views",
      "id": 1
    },
    {
      "thumbnail": "https://i.ytimg.com/vi/OaPwpYw6XiU/hq720.jpg?sqp=-oaymwE2CNAFEJQDSFXyq4qpAygIARUAAIhCGAFwAcABBvABAfgB_gmAAtAFigIMCAAQARh_IEAoIDAP&rs=AOn4CLAKvfmVhS4sSNSbkrrIh10JCENpjA",
      " title": "Ram Siya Ram | Lofi Version | Mangal Bhavan Amangal bhakti Sagar",
      "channel": "bhakti Sagar",
      "views": "126M views",
      "id": 2
    },
    {
      "thumbnail": "https://i.ytimg.com/vi/6LD30ChPsSs/hq720.jpg?sqp=-oaymwEcCNAFEJQDSFXyq4qpAw4IARUAAIhCGAFwAcABBg==&rs=AOn4CLDO-GZK3YdHEcZGArxX2oJKosvBMA",
      " title": "96 Songs | The Life of Ram Video Song | Vijay Sethupathi, Trisha | Govind Vasantha | C. Prem Kumar",
      "channel": "Think Music India",
      "views": "126M views",
      "id": 3
    },
    {
      "thumbnail": "https://i.ytimg.com/vi/MUMCZZl9QCY/hq720.jpg?sqp=-…AFwAcABBg==&rs=AOn4CLAIyXtilu937GFpJsY6hbAxftz1rg",
      " title": "हिंदी Oggy and the Cockroaches 🔧 KEYS & IDEAS 🔧 Hindi Cartoons for Kids",
      "channel": "Oggy Hindi - हिन्दी",
      "views": "67M views",
      "id": 4
    },
    {
      "thumbnail": "https://i.ytimg.com/vi/y6LbGfmQPkE/hq720.jpg?sqp=-oaymwE2CNAFEJQDSFXyq4qpAygIARUAAIhCGAFwAcABBvABAfgB_g6AArgIigIMCAAQARhTIGUoVzAP&rs=AOn4CLArjUv_XCle5PFSVfB6e5YYttOXJw",
      " title": "Best of Arijit Singh Top 10 Superhit Songs 2022   Arijit Singh Soulful Songs1080P HD",
      "channel": "BS7 Gaming YT",
      "views": "20M views",
      "id": 5
    },
    {
      "thumbnail": "https://i.ytimg.com/vi/es4x5R-rV9s/hq720.jpg?sqp=-…AFwAcABBg==&rs=AOn4CLDE3HP-LWUfwXnV_EbJG3WbK6Tv8w",
      " title": "Amazon 4k - The World’s Largest Tropical Rainforest Part 2 | Jungle Sounds | Scenic Relaxation Film",
      "channel": "Scenic Scenes",
      "views": "23M views",
      "id": 6
    },
    {
      "thumbnail": "https://i.ytimg.com/vi/MWaMoYVZMCA/hq720.jpg?sqp=-oaymwEcCNAFEJQDSFXyq4qpAw4IARUAAIhCGAFwAcABBg==&rs=AOn4CLA7ryS_g-1-V9au58czMbvMKWfOrA",
      " title": "ಈಜಿಪ್ಟ್ ಪಿರಮಿಡ್ ಒಳಗೆ ಹೋಗೋಣ ಬನ್ನಿ.! Dr Bro | Egypt 🇪🇬",
      "channel": "Dr Bro",
      "views": "2.3M views",
      "id": 7
    },
    {
      "thumbnail": "https://i.ytimg.com/vi/PubWT2Eg51w/hq720.jpg?sqp=-…AFwAcABBg==&rs=AOn4CLAPYKH9vvFM3Zc2H3fG-DNAtPQb7Q",
      " title": "The Hymn Of Dharma - Lyric Video (Kannada) | 777 Charlie | Rakshit Shetty | Kiranraj K | Nobin Paul",
      "channel": "Paramvah Music",
      "views": "7.9M views",
      "id": 8
    },
    {
      "thumbnail": "https://i.ytimg.com/vi/byUbhCt952U/hq720.jpg?sqp=-…AFwAcABBg==&rs=AOn4CLAoV1hvJQNKzgF2ye9GSi96MYmhdg",
      " title": "Dhanush & Swetha Mohan's Vaa Vaathi Performance | Vaathi - Audio Launch | Best Moments | Sun TV",
      "channel": "Sun TV",
      "views": "66M views",
      "id": 9
    },
    {
      "thumbnail": "https://i.ytimg.com/vi/I3yIT-y8ras/hq720.jpg?sqp=-…RhEIGUoZTAP&rs=AOn4CLAjmjD_jUfAdUQUZ-V-A3I-QZ_W2A",
      " title": "Agar Tum Saath Ho FULL AUDIO Song | Tamasha | Ranbir Kapoor, Deepika Padukone | T-Series",
      "channel": "MusicSource💕",
      "views": "11M views",
      "id": 10
    },
    {
      "thumbnail": "https://i.ytimg.com/vi/dx4Teh-nv3A/hq720.jpg?sqp=-…AFwAcABBg==&rs=AOn4CLD8CZe8hgoWtnYnRob_VdpwceDX_g",
      " title": "Namo Namo - Lyrical | Kedarnath | Sushant Rajput | Sara Ali Khan | Amit Trivedi | Amitabh B",
      "channel": "Zee Music Company",
      "views": "475M views",
      "id": 11
    },
    {
      "thumbnail": "https://i.ytimg.com/vi/_vktceH8ZA0/hq720.jpg?sqp=-…AFwAcABBg==&rs=AOn4CLDhP-ND_XryegxfexZeVsFxwE40hA",
      " title": "Naatu Naatu Full Video Song (Telugu) | RRR Songs | NTR, Ram Charan | MM Keeravaani | SS Rajamouli",
      "channel": "Lahari Music Telugu - TSeries",
      "views": "102M views",
      "id": 12
    },
    {
      "thumbnail": "https://i.ytimg.com/vi/7PgGoKgCx6g/hq720.jpg?sqp=-…AFwAcABBg==&rs=AOn4CLBtLzjXT7MybEsGAuEAe1D_n7GHpg",
      "title": "Sia - Unstoppable (Lyrics)",
      "channel": "Somewhere On Earth",
      "views": "225 views",
      "id": 14
    },
    {
      "thumbnail": "\thttps://i.ytimg.com/vi/EtGh9oC2SZ0/hq720.jpg?sqp=-…AFwAcABBg==&rs=AOn4CLCLeznacaVSbhub9Ak9NaaqXxiGJw",
      "title": "Kaagadada Doniyalli - Video Song | Kirik Party | Rakshit Shetty | Jayanth Kaikini | Ajaneesh Loknath by Paramvah Music 6 years ago 4 minutes, 26 seconds 46,545,751 views",
      "channel": "Paramvah Music",
      "views": "46M views",
      "id": 15
    }
  ],
  "shorts": [
    {
      "thumbnail": "https://i.ytimg.com/vi/pR7PK4L7fLg/oar2.jpg?sqp=-o…IhCcAHAAQY=&rs=AOn4CLC7YPv_Ry1wmwF0sezPBW6uEw40Iw",
      "title": "Smt. Sudha Murthy for Social Work Receive Padma Bhushan Award",
      "channel": "",
      "views": "3.8M views"
    },
    {
      "thumbnail": "https://i.ytimg.com/vi_webp/HmHBdFu0rKE/oar2.webp",
      "title": "❤️Rachita ram WhatsApp status🔥 video #Rachitha ram",
      "channel": "",
      "views": "3.8M views"
    },
    {
      "thumbnail": "https://i.ytimg.com/vi/cTSM0WiDmAc/oar2.jpg?sqp=-o…IhCcAHAAQY=&rs=AOn4CLDR7MV5w4FtI3Nov1F7tTwGievTrg",
      "title": "hardik Pandya attitude",
      "channel": "",
      "views": "23M views"
    },
    {
      "thumbnail": "https://i.ytimg.com/vi/OL9ASf__0RQ/hq720.jpg?sqp=-…AHAAQbQAQE=&rs=AOn4CLDCol6AAAyz1-oTt8QQXI3jlfL1Cg",
      "title": "Surat Cold Coco #shorts",
      "channel": "",
      "views": "42M views"
    },
    {
      "thumbnail": "https://i.ytimg.com/vi/c4XojwcY5o0/oar2.jpg?sqp=-o…IhCcAHAAQY=&rs=AOn4CLA1CJ9kIy5k-n2qmREueJIlpj38fw",
      "title": "The scene which gave us chills!!!😢 | Sita Ramam #primevideo",
      "channel": "",
      "views": "36M views"
    },
    {
      "thumbnail": "https://i.ytimg.com/vi/bGz2HtNdl1A/oar2.jpg?sqp=-o…IhCcAHAAQY=&rs=AOn4CLA7XmBGCbSVA0LhNEd1rN-0w47N-A",
      "title": "Vaathi | Dhanush |",
      "channel": "",
      "views": "4M views"
    }
  ]
}